{
  "train_loss": [
    0.5703841025451962,
    0.45911700809173445,
    0.39727000581274785,
    0.39045039312445,
    0.37078278056151576,
    0.3511501105783655,
    0.332955863246386,
    0.33659632579028176,
    0.3241299201044247,
    0.3138118146670808,
    0.319119721597476,
    0.28610518971364274,
    0.28636008688657405,
    0.28912866941030074,
    0.2840700478112097,
    0.2657219314639517,
    0.25015307668087294,
    0.24157726796839735,
    0.23349475758753235,
    0.23641964048147202,
    0.23597233313665117,
    0.22469544174859848,
    0.2400734018829229,
    0.22447922163837247,
    0.2386343925655317,
    0.21636883434739043,
    0.229818393831416,
    0.2147570675868782,
    0.2335294212797563,
    0.22523474098323917,
    0.2253804176295404,
    0.2274481752257553,
    0.2196862067786052,
    0.2105293817174949,
    0.2253201783453818,
    0.22426364511894664,
    0.21854897585811375,
    0.22297406322557292,
    0.21613217574014937,
    0.22066322767691646,
    0.2248936676614576,
    0.22200202612246542,
    0.21074550636380696,
    0.20835584176958893,
    0.20041557918671224,
    0.22668711117488874,
    0.22331873083607756,
    0.22515001994885986,
    0.2164284582618329,
    0.19714441748081352
  ],
  "train_acc": [
    78.19041188386225,
    82.4442943956786,
    84.80756245779878,
    84.58248930902543,
    85.64033310826018,
    86.49561107359892,
    86.92325005626829,
    87.68849876209768,
    87.46342561332433,
    88.13864505964439,
    87.39590366869233,
    89.21899617375647,
    89.1064595993698,
    89.33153274814315,
    88.90389376547378,
    89.64663515642584,
    90.72698627053792,
    90.32185460274589,
    91.26716182759397,
    90.8395228449246,
    90.81701553004727,
    91.672293495386,
    90.88453747467928,
    91.85235201440469,
    90.5244204366419,
    91.62727886563133,
    91.01958136394329,
    91.82984469952734,
    91.17713256808463,
    91.15462525320729,
    91.01958136394329,
    90.90704478955661,
    91.37969840198065,
    92.00990321854603,
    91.78483006977268,
    91.3571910871033,
    91.37969840198065,
    91.3571910871033,
    92.16745442268737,
    91.80733738465001,
    91.37969840198065,
    91.87485932928202,
    92.14494710781004,
    92.16745442268737,
    92.52757146072473,
    91.19963988296196,
    90.97456673418861,
    91.33468377222597,
    91.42471303173531,
    92.46004951609272
  ],
  "val_loss": [
    0.2895877388305962,
    0.3094614581282561,
    0.33356604579360766,
    0.2480649602742536,
    0.26335065701618987,
    0.3186601452708904,
    0.2800410643725627,
    0.26208620709368613,
    0.23483483566703095,
    0.21607825031508884,
    0.24631100550244203,
    0.1794081036913364,
    0.22629917222589788,
    0.22774387546889255,
    0.20516078328965554,
    0.2055472407761954,
    0.1955997487735658,
    0.17910816999086213,
    0.18190737367416052,
    0.20619572357191676,
    0.203824243356947,
    0.1907655417338977,
    0.18550595418212953,
    0.22929051836948322,
    0.1938872280985682,
    0.18815937270568764,
    0.19096859184916562,
    0.17950169956901998,
    0.17868335436619417,
    0.19268041858508694,
    0.18240468813642868,
    0.19152604631256054,
    0.174023553613218,
    0.18179024145071404,
    0.19146611020578347,
    0.17795869733774908,
    0.19046900195135094,
    0.19389216861060657,
    0.18625176420252956,
    0.17410294568194332,
    0.1804109164608273,
    0.19376118327179104,
    0.18414776190229531,
    0.18276962823975584,
    0.17497716700403695,
    0.1702725266944905,
    0.1871936265913329,
    0.17518321220259547,
    0.17534905026342737,
    0.17443382189174297
  ],
  "val_acc": [
    90.02100840336135,
    89.8109243697479,
    86.23949579831933,
    89.49579831932773,
    90.65126050420169,
    86.34453781512605,
    88.4453781512605,
    90.86134453781513,
    90.75630252100841,
    91.91176470588235,
    90.65126050420169,
    93.0672268907563,
    91.91176470588235,
    90.75630252100841,
    92.75210084033614,
    92.75210084033614,
    93.27731092436974,
    94.22268907563026,
    93.80252100840336,
    92.54201680672269,
    93.0672268907563,
    93.69747899159664,
    94.0126050420168,
    92.22689075630252,
    94.0126050420168,
    94.0126050420168,
    93.69747899159664,
    94.11764705882354,
    94.0126050420168,
    93.69747899159664,
    93.80252100840336,
    93.59243697478992,
    94.32773109243698,
    93.80252100840336,
    93.4873949579832,
    93.4873949579832,
    93.38235294117646,
    93.69747899159664,
    93.90756302521008,
    94.11764705882354,
    94.0126050420168,
    93.27731092436974,
    93.90756302521008,
    93.59243697478992,
    93.69747899159664,
    94.11764705882354,
    94.0126050420168,
    94.22268907563026,
    94.32773109243698,
    94.22268907563026
  ]
}