{
  "train_loss": [
    0.6535562223238911,
    0.5182594696609236,
    0.47911480090600983,
    0.46692693865985324,
    0.4248073944728151,
    0.442450447101816,
    0.4186264545583039,
    0.38145138366188075,
    0.382757231057119,
    0.3956714310019994,
    0.36567004625317007,
    0.3652676909947567,
    0.3465180931438645,
    0.3361968005732667,
    0.3488691525279189,
    0.2965015540127274,
    0.29459253778989364,
    0.2954183239623797,
    0.2838158669660417,
    0.2829340388127368,
    0.2763863575222681,
    0.27967112457795107,
    0.266561846885321,
    0.2663374638600315,
    0.2806412522687758,
    0.26428758894368043,
    0.24811436562872619,
    0.27239447952710466,
    0.2620248148660008,
    0.2652929703430306,
    0.26200094084731107,
    0.25043877900289974,
    0.26936467104464124,
    0.2511040126945046,
    0.23633454343397842,
    0.2472316255029157,
    0.25523453650714684,
    0.24172033535705195,
    0.25527874937803624,
    0.24859862672768052,
    0.2528734434154823,
    0.23750745773101026,
    0.25160781406670163,
    0.2524496019690586,
    0.2584460038396952,
    0.2538640026351531,
    0.25390911600787003,
    0.2569719728806036,
    0.25056981847440596,
    0.2502555245761391
  ],
  "train_acc": [
    75.7821291919874,
    80.19356290794508,
    81.56650911546252,
    81.97164078325456,
    83.86225523295072,
    82.73688948908395,
    84.19986495611073,
    85.46027458924151,
    85.0776502363268,
    84.92009903218546,
    86.20301598019357,
    85.79788431240154,
    86.78820616700428,
    87.39590366869233,
    86.78820616700428,
    88.63380598694576,
    88.74634256133243,
    88.45374746792707,
    89.1064595993698,
    89.0389376547378,
    89.39905469277515,
    89.30902543326582,
    89.48908395228449,
    89.84920099032186,
    89.1064595993698,
    90.16430339860455,
    90.7720009002926,
    89.46657663740716,
    89.87170830519919,
    89.64663515642584,
    89.71415710105785,
    90.32185460274589,
    89.51159126716183,
    90.81701553004727,
    91.10961062345262,
    90.47940580688724,
    90.32185460274589,
    90.47940580688724,
    90.02925950934053,
    90.27683997299123,
    90.18681071348188,
    90.99707404906594,
    90.23182534323655,
    89.82669367544452,
    89.6916497861805,
    90.25433265811388,
    90.27683997299123,
    90.29934728786856,
    90.32185460274589,
    90.68197164078326
  ],
  "val_loss": [
    0.4413780140147234,
    0.5112437625958894,
    0.3132147042633733,
    0.27989030759781597,
    0.29245849238438193,
    0.29890866790228754,
    0.21895079183159397,
    0.31150587007189945,
    0.35787699620171526,
    0.29114310020016393,
    0.26611228933231057,
    0.2524391715975829,
    0.3328065112810388,
    0.27275055023728784,
    0.2095503616131964,
    0.2254903717756103,
    0.1878141466678547,
    0.1948405868645068,
    0.18848879973538715,
    0.19396372404607973,
    0.18788431654822943,
    0.17813489514216296,
    0.1840671724107627,
    0.17040115214478344,
    0.17528107422853434,
    0.1844852331417845,
    0.18876033883977925,
    0.1716251752462919,
    0.17752798970467437,
    0.17115572858068998,
    0.17592661111443325,
    0.1853593604831455,
    0.18037841321534717,
    0.18473553547984617,
    0.18509696587733135,
    0.17107628811684586,
    0.1872290978142246,
    0.1896857064795995,
    0.1729444297831833,
    0.17809790420697028,
    0.1861566529739965,
    0.1782227603671875,
    0.17567268299624933,
    0.178315433389533,
    0.17297488683386747,
    0.15946406710114994,
    0.17898444648465858,
    0.16555034649588077,
    0.16688039058997978,
    0.17497773144779102
  ],
  "val_acc": [
    83.61344537815125,
    79.41176470588235,
    88.34033613445378,
    88.4453781512605,
    90.44117647058823,
    89.18067226890756,
    92.43697478991596,
    88.34033613445378,
    85.39915966386555,
    91.07142857142857,
    91.38655462184875,
    90.75630252100841,
    86.23949579831933,
    88.4453781512605,
    91.80672268907563,
    90.96638655462185,
    92.22689075630252,
    91.7016806722689,
    92.22689075630252,
    92.1218487394958,
    92.43697478991596,
    92.43697478991596,
    92.43697478991596,
    93.4873949579832,
    92.96218487394958,
    92.54201680672269,
    92.54201680672269,
    93.0672268907563,
    92.6470588235294,
    93.4873949579832,
    93.38235294117646,
    93.0672268907563,
    92.75210084033614,
    92.54201680672269,
    92.85714285714286,
    93.38235294117646,
    92.96218487394958,
    92.85714285714286,
    93.17226890756302,
    93.4873949579832,
    92.54201680672269,
    93.0672268907563,
    93.27731092436974,
    93.69747899159664,
    93.38235294117646,
    93.80252100840336,
    93.0672268907563,
    93.27731092436974,
    93.59243697478992,
    93.59243697478992
  ]
}