{
  "train_loss": [
    3.0429714948153324,
    1.1830163735279935,
    1.16001211181819,
    1.1390978874062463,
    1.0999714843660808,
    1.1066744246071192,
    1.0721585454700662,
    1.069821350437274,
    1.0604477348945123,
    1.0353368859496905,
    1.0710881288103062,
    1.0459662015489537,
    1.0412250495643067,
    1.0272235540177326,
    1.0099811648293364,
    0.9703781553309598,
    0.9573303083721683,
    0.9445867366927991,
    0.953873769413653,
    0.9415537419079019,
    0.9456141359514469,
    0.9385671251111751,
    0.9449320705674535,
    0.9335434912777633,
    0.9298769325661145,
    0.9368889357546251,
    0.9376538357288717,
    0.9277541594539614,
    0.9328120543802385,
    0.9192916755196002,
    0.9162715754920631,
    0.9168658839712898,
    0.9095052622205062,
    0.9198466329265842,
    0.9223511887968873,
    0.9007310652904373,
    0.9093529805005025,
    0.9086959006117402,
    0.9337247035486235,
    0.9168649504510619,
    0.9184665384052468,
    0.9143810276504901,
    0.9016176908136272,
    0.9252209603357658,
    0.9094405980418911,
    0.9187781399102519,
    0.9167096366127618,
    0.9128158744290579,
    0.9137934098998419,
    0.9050730038032258
  ],
  "train_acc": [
    40.82826918748593,
    46.59014179608373,
    50.05626828719334,
    50.73148773351339,
    52.19446320054018,
    52.64460949808688,
    53.92752644609498,
    53.90501913121764,
    53.387350889038935,
    54.35516542876435,
    52.77965338735089,
    54.197614224623,
    54.40018005851902,
    56.223272563583166,
    55.4130092279991,
    56.898492009903215,
    57.528696826468604,
    58.06887238352464,
    57.25860904794058,
    58.00135043889264,
    57.43866756695926,
    58.20391627278865,
    57.4611748818366,
    57.843799234751295,
    58.338960162052665,
    57.70875534548728,
    58.00135043889264,
    58.09137969840198,
    58.54152599594868,
    58.316452847175334,
    58.69907720009003,
    58.67656988521269,
    58.60904794058069,
    58.83412108935404,
    57.59621877110061,
    59.03668692325006,
    58.7440918298447,
    58.87913571910871,
    57.551204141345934,
    58.22642358766599,
    58.27143821742066,
    58.69907720009003,
    58.92415034886338,
    57.663740715732615,
    58.496511366194014,
    58.04636506864731,
    57.506189511591266,
    58.451496736439346,
    58.811613774476704,
    58.54152599594868
  ],
  "val_loss": [
    1.079977778593699,
    1.0600821177164714,
    1.10827809770902,
    1.063174037138621,
    0.9617306083440781,
    0.9720246652762096,
    0.8886698325475056,
    0.9379770616690318,
    0.9796792765458425,
    1.0451490074396133,
    0.8794728755950928,
    1.0018238266309103,
    0.8451388915379842,
    0.9412796358267467,
    0.8513077557086944,
    0.821308063964049,
    0.7786999652783076,
    0.8347711647550266,
    0.77726531624794,
    0.7785478452841441,
    0.7501949002345403,
    0.7720988303422928,
    0.8371478825807571,
    0.7457124421993891,
    0.780084719757239,
    0.7616193667054176,
    0.7827360908190409,
    0.7722405523061753,
    0.7368887861569723,
    0.7816116690635682,
    0.745489901304245,
    0.7532525449991226,
    0.7658395409584046,
    0.7467972228924433,
    0.747795786956946,
    0.7522678226232529,
    0.7417793447772661,
    0.7581033652027448,
    0.7544732317328453,
    0.7513071229060491,
    0.7387491961320242,
    0.7503939896821976,
    0.7359991490840911,
    0.7622902189691861,
    0.7444181308150292,
    0.7465536112586657,
    0.7422527988751729,
    0.7344957292079926,
    0.7481754675507546,
    0.7467499668399493
  ],
  "val_acc": [
    51.785714285714285,
    52.205882352941174,
    47.89915966386555,
    61.86974789915966,
    58.92857142857143,
    65.65126050420169,
    65.02100840336135,
    69.53781512605042,
    54.096638655462186,
    46.21848739495798,
    65.12605042016807,
    56.51260504201681,
    67.22689075630252,
    61.97478991596638,
    69.4327731092437,
    65.23109243697479,
    68.38235294117646,
    64.07563025210084,
    67.96218487394958,
    67.85714285714286,
    69.22268907563026,
    67.6470588235294,
    62.39495798319328,
    69.53781512605042,
    68.0672268907563,
    68.0672268907563,
    66.59663865546219,
    67.43697478991596,
    69.53781512605042,
    67.22689075630252,
    68.90756302521008,
    68.38235294117646,
    67.54201680672269,
    68.17226890756302,
    69.0126050420168,
    68.38235294117646,
    68.90756302521008,
    68.27731092436974,
    68.59243697478992,
    68.4873949579832,
    68.90756302521008,
    68.27731092436974,
    69.11764705882354,
    67.96218487394958,
    68.80252100840336,
    68.59243697478992,
    68.80252100840336,
    69.4327731092437,
    68.80252100840336,
    68.59243697478992
  ]
}